-- --------------------------------------------------------
-- Host:                         127.0.0.1
-- Server version:               10.4.8-MariaDB - mariadb.org binary distribution
-- Server OS:                    Win64
-- HeidiSQL Version:             10.2.0.5599
-- --------------------------------------------------------

/*!40101 SET @OLD_CHARACTER_SET_CLIENT=@@CHARACTER_SET_CLIENT */;
/*!40101 SET NAMES utf8 */;
/*!50503 SET NAMES utf8mb4 */;
/*!40014 SET @OLD_FOREIGN_KEY_CHECKS=@@FOREIGN_KEY_CHECKS, FOREIGN_KEY_CHECKS=0 */;
/*!40101 SET @OLD_SQL_MODE=@@SQL_MODE, SQL_MODE='NO_AUTO_VALUE_ON_ZERO' */;


-- Dumping database structure for keto
DROP DATABASE IF EXISTS `keto`;
CREATE DATABASE IF NOT EXISTS `keto` /*!40100 DEFAULT CHARACTER SET latin1 */;
USE `keto`;

-- Dumping structure for table keto.eten
DROP TABLE IF EXISTS `eten`;
CREATE TABLE IF NOT EXISTS `eten` (
  `id` int(11) NOT NULL AUTO_INCREMENT,
  `name` varchar(255) NOT NULL,
  `carb` decimal(10,2) NOT NULL DEFAULT 0.00,
  `disc` varchar(255) DEFAULT NULL,
  `fat` decimal(10,2) NOT NULL DEFAULT 0.00,
  `kcal` decimal(10,2) NOT NULL DEFAULT 0.00,
  `price` decimal(10,2) NOT NULL DEFAULT 0.00,
  `prot` decimal(10,2) NOT NULL DEFAULT 0.00,
  `weight` int(11) DEFAULT NULL,
  PRIMARY KEY (`id`)
) ENGINE=InnoDB AUTO_INCREMENT=170 DEFAULT CHARSET=latin1;

-- Dumping data for table keto.eten: ~146 rows (approximately)
/*!40000 ALTER TABLE `eten` DISABLE KEYS */;
INSERT INTO `eten` (`id`, `name`, `carb`, `disc`, `fat`, `kcal`, `price`, `prot`, `weight`) VALUES
	(2, 'Avocado - Los', 0.80, 'Losse Avocado', 8.77, 89.50, 1.29, 0.85, 0),
	(4, 'Bloemkool - Diepvries Rijst', 3.30, '600g Diepvries zak', 0.00, 33.00, 1.69, 3.00, 0),
	(5, 'Bloemkool - Diepvries zak groot', 4.13, 'Diepvries zak 750g', 0.00, 41.25, 2.30, 3.75, 0),
	(6, 'Bloemkool - Diepvries zak klein', 2.20, '400g van Bonduelle', 0.50, 21.00, 1.56, 2.80, 0),
	(7, 'Boter', 0.13, '50g ', 10.25, 93.25, 0.38, 0.13, 0),
	(8, 'Bouillon - Groente', 1.00, '1 Blokje van Jumbo', 0.25, 7.00, 0.00, 0.15, 0),
	(10, 'Bouillon - Runder', 1.00, '1 Blokje van Jumbo', 0.40, 8.00, 0.00, 0.15, 0),
	(11, 'Bouillon - Vis', 0.70, '1 Blokje van Jumbo', 0.35, 6.50, 0.00, 0.20, 0),
	(13, 'Broccoli - Diepvries Zak Groot', 3.50, '750g Zak', 0.00, 47.25, 1.62, 5.25, 0),
	(14, 'Broccoli - Diepvries Zak Klein', 2.22, '1 Kleine Zak', 0.00, 29.25, 1.14, 3.38, 0),
	(15, 'Champignons', 5.00, '400g', 0.50, 28.00, 1.26, 2.20, 0),
	(16, 'Cherry Tomaat', 2.45, '250g Bakje', 0.13, 11.25, 0.89, 0.55, 0),
	(17, 'Chinese Kool', 4.60, 'Een kool', 0.44, 26.00, 1.49, 3.18, 0),
	(18, 'Chorzio', 0.63, '1 Licht Pittge Chorizo', 26.88, 289.38, 1.51, 11.25, 0),
	(19, 'Courgette', 3.38, '1 Stuk', 0.00, 20.25, 0.69, 1.35, 0),
	(21, 'Enchilada Kruiden', 2.10, '1/4 Enchilada', 0.50, 19.04, 0.88, 0.77, 0),
	(22, 'Ei - 1 Ei', 0.20, 'Doosje van 6 large eieren', 6.20, 90.00, 1.85, 8.40, 0),
	(23, 'Ei - 10 Eieren', 0.50, '1/4 van een doos', 15.50, 225.00, 2.75, 21.00, 0),
	(24, 'Garnalen', 0.00, '300g Diepvries', 1.50, 61.50, 4.99, 12.00, 0),
	(26, 'Griekse Yoggurt ', 1.58, '150g bakje', 3.75, 45.38, 0.44, 1.31, 0),
	(28, 'Hamburger', 4.18, '4 in een doos (3 voor 8)', 16.28, 238.70, 2.66, 18.59, 0),
	(29, 'Kaas - Brie', 1.00, '200g pak', 31.00, 175.00, 0.99, 17.00, 0),
	(30, 'Kaas - Cheddar', 2.60, 'Pakje met 8 plakken', 11.30, 140.00, 0.91, 6.50, 0),
	(31, 'Kaas - Feta', 1.50, '200g pak', 11.50, 140.00, 2.04, 14.70, 0),
	(32, 'Kaas - Grozette Flakes', 0.00, '100g Zakje Zwart', 7.00, 91.25, 1.79, 7.25, 0),
	(33, 'Kaas - Jong Blok', 0.00, 'Blok 450g', 27.13, 328.13, 2.99, 21.00, 0),
	(34, 'Kaas - Jonge Plakken', 0.00, '190g', 6.78, 82.03, 2.05, 5.25, 0),
	(36, 'Kaas - Mozzarella', 0.82, '2 Goedkope pakjes', 10.18, 134.75, 1.04, 9.90, 0),
	(37, 'Kaas - Padano', 0.00, 'Rood zakje 100g', 7.25, 99.50, 1.33, 8.25, 0),
	(38, 'Kaas - Ricotta', 3.13, 'Galbani 250g', 8.13, 105.63, 2.33, 5.00, 0),
	(39, 'Kaas - Strooikaas', 1.30, '1/4 Zakje', 14.55, 185.00, 1.97, 12.15, 0),
	(40, 'Kaas - Strooikaas Groot', 1.63, 'Grote Ok€ zak', 18.25, 230.00, 1.99, 14.88, 0),
	(41, 'Kip - Kipfilet beleg', 0.88, '175g', 2.23, 63.44, 1.74, 8.31, 0),
	(43, 'Kip - Kipgehakt', 0.00, '350g', 9.10, 136.50, 3.25, 13.74, 0),
	(44, 'Kip - Kippendij filet', 0.00, '1/4 van 350g', 9.27, 146.13, 3.00, 15.23, 0),
	(45, 'Komkommer', 2.20, '', 0.20, 14.00, 0.79, 0.60, 0),
	(46, 'Kruidenboter', 0.25, '100g bakje', 16.42, 150.00, 1.10, 0.25, 0),
	(47, 'Lente ui', 1.38, '75 gram', 0.04, 6.00, 0.75, 0.34, 0),
	(48, 'Maza - Baba Anoesh', 3.25, '200g Bakje / Aubergine', 13.20, 130.00, 1.85, 0.75, 0),
	(49, 'Maza - Esfenaj', 2.30, '200g Bakje / Spinazie Amandel', 10.40, 116.50, 1.99, 2.10, 0),
	(50, 'Maza - Hummus', 3.00, '200g Bakje', 15.20, 156.00, 1.46, 3.20, 0),
	(52, 'Maza - Hummus Tuinkruiden', 2.80, '200g Bakje', 16.40, 175.00, 1.99, 3.05, 0),
	(54, 'Noten mix', 2.30, '25g', 12.60, 146.25, 0.84, 5.05, 0),
	(55, 'Olijven', 0.00, 'Huismerk 220', 5.09, 48.59, 0.42, 0.28, 0),
	(56, 'Paprika', 4.60, '100g ongeveer 1 ding', 0.20, 20.00, 0.99, 0.90, 0),
	(57, 'Pesto - Groene Pesto', 1.38, 'Potje 190g', 18.72, 183.35, 0.92, 1.90, 0),
	(58, 'Philadelphia Kruidenkaas', 1.99, '', 9.25, 101.75, 1.85, 2.45, 0),
	(59, 'Philadelphia Orignal', 2.00, '', 10.75, 117.50, 1.89, 2.75, 0),
	(60, 'Pindakaas - 100g', 2.55, '100g Pindakas naturel', 13.80, 160.75, 0.00, 5.65, 0),
	(61, 'Pindakaas - Eetlepel', 1.53, '4 Eetlepels uit bestaande', 8.28, 96.45, 0.00, 3.39, 0),
	(63, 'Pure Chocolade 85', 4.75, '85% Pure Chocolade', 11.50, 132.50, 1.59, 2.75, 0),
	(65, 'Roerbak - Chinees', 4.00, '', 0.20, 29.00, 1.99, 1.70, 0),
	(66, 'Roerbak - Hollands', 4.10, '', 0.30, 31.00, 1.99, 1.50, 0),
	(67, 'Roerbak - Italiaans', 5.00, '', 0.20, 30.00, 1.69, 1.20, 0),
	(68, 'Roerbak - Mexicaans', 6.20, '', 0.50, 43.00, 2.49, 2.00, 0),
	(69, 'Roerbak - Nasi/Bami', 5.25, '500g Bami en Nasi Groente', 0.25, 36.25, 1.79, 1.88, 0),
	(71, 'Saucijzen - 1', 0.08, '1 Worst', 1.45, 55.80, 0.45, 1.07, 0),
	(72, 'Saucijzen - 4', 0.32, '4 Worsten', 5.80, 223.20, 1.80, 4.28, 0),
	(73, 'Saus - Aioli', 1.07, 'Potje 130g', 25.06, 231.40, 1.89, 0.39, 0),
	(74, 'Saus - Knoflook saus', 3.00, '25ml', 9.00, 94.00, 0.88, 0.25, 0),
	(75, 'Saus - Mayonaise', 0.50, '15ml', 10.10, 94.00, 0.00, 0.10, 0),
	(76, 'Saus - Salsa - Hot', 1.10, '1 Eetlepel Potje 230g', 0.00, 6.00, 0.33, 1.20, 0),
	(77, 'Saus - Salsa - Medium', 1.30, '1 Eetlepel Potje 230g', 0.00, 6.00, 0.28, 1.00, 0),
	(78, 'Saus - Salsa - Mild', 1.40, 'Eetlepel mild', 0.30, 7.00, 0.26, 0.20, 0),
	(79, 'Saus - Sambal', 1.55, 'Rawit en 1 Cayenne peper', 0.09, 10.15, 2.80, 0.57, 0),
	(80, 'Schouderhamblokjes', 1.73, '300g pak', 1.42, 105.75, 1.97, 11.40, 0),
	(81, 'Schouderkarbonade', 0.00, '540g pak', 16.47, 251.10, 3.07, 25.78, 0),
	(82, 'Sesam Olie', 0.00, '1 Eetlepel', 3.45, 31.05, 0.00, 0.00, 0),
	(83, 'Shoarma - Kippendij Gyros', 0.80, '400g Van de 3 voor 8', 6.80, 142.00, 2.66, 18.50, 0),
	(86, 'Shoarma - Varkens Shoarma', 1.63, '500g', 6.88, 168.75, 3.50, 25.00, 0),
	(87, 'Sla - Botersla', 0.08, '100g', 0.10, 3.25, 1.67, 0.35, 0),
	(88, 'Sla - Ijsbergsla gesneden', 0.90, '200g Zak', 0.15, 32.00, 1.00, 0.45, 0),
	(89, 'Sla - Ijsbergsla krop', 1.62, '', 0.27, 57.60, 0.89, 0.81, 0),
	(90, 'Sla - Rucola', 0.02, 'Zakje 85g', 0.11, 4.89, 1.00, 0.74, 0),
	(91, 'Slagroom', 1.88, '1/4 bakje van 250g', 21.88, 210.00, 1.08, 1.44, 0),
	(92, 'Sojasaus - Japans', 2.25, '6 Eetlepels Japans', 0.00, 17.55, 0.00, 2.12, 0),
	(93, 'Sojasaus - Manis', 3.30, '1 eetlepel', 0.00, 15.75, 0.00, 0.42, 0),
	(94, 'Sojasaus - Mix', 7.09, '3 Eetlepels manis 3 eetlepes japans', 0.00, 34.31, 0.00, 1.45, 0),
	(95, 'Spek - Ontbijtspek', 0.44, 'Pak 175g', 12.25, 135.63, 1.30, 6.13, 0),
	(96, 'Spek - Spekjes zak', 0.38, 'Een kwart van een 300g zakje', 18.00, 210.00, 2.19, 11.25, 0),
	(97, 'Sperzie bonen', 4.72, 'Kwart van 450g zak', 0.22, 34.88, 0.71, 2.14, 0),
	(98, 'Spinazie - Ala Crème Diepvries', 3.49, '450g Diepvires Deelblokjes', 2.14, 46.13, 0.54, 2.03, 0),
	(99, 'Spinazie - Diepvries', 2.25, '450g Gehakte Spinazie Diepvries', 0.68, 31.50, 0.48, 2.25, 0),
	(100, 'Spinazie - Vers 200g', 0.45, 'Vers gewassen 200g', 0.30, 13.00, 1.19, 1.60, 0),
	(101, 'Spinazie - Vers 400g', 0.90, '400g Vers', 0.60, 26.00, 1.50, 3.20, 0),
	(102, 'Tofu', 0.25, '500g Natural Tofu', 8.50, 150.00, 1.47, 17.25, 0),
	(103, 'Tomaten Blokjes', 3.00, '400g uit blik', 0.20, 20.00, 0.44, 1.20, 0),
	(104, 'Vis - Tonijn', 0.10, 'John west 400g', 9.50, 180.00, 4.17, 23.50, 0),
	(105, 'Vis - Zalm', 0.00, '2*125 gram', 1.44, 61.25, 2.77, 12.00, 0),
	(106, 'Vis -Pangius filet', 0.00, '540g', 2.43, 114.75, 2.92, 23.35, 0),
	(107, 'Whey Protein', 0.25, '25g', 0.48, 25.75, 0.00, 5.25, 0),
	(108, 'Witte kool', 1.90, '50g', 0.10, 14.00, 1.25, 0.80, 0),
	(109, 'Worst - Fuet', 0.85, 'Spaanse fuet', 14.02, 172.13, 2.25, 10.63, 0),
	(110, 'Worst - Gegrilde Worst', 2.10, '300g Gegrilde worst', 19.50, 222.75, 1.34, 9.75, 0),
	(111, 'Worst - Rookorst', 1.59, '375g', 25.31, 286.88, 1.40, 13.13, 0),
	(112, 'Worst - Smac', 2.72, 'Jumbo Luncheon Meat', 19.38, 228.65, 1.70, 10.88, 0),
	(113, 'Gemengd Gehakt', 0.10, 'Bakje van 500g', 17.40, 229.00, 2.55, 17.90, 0),
	(114, 'Sour Creme', 1.20, '200g Bakje', 15.00, 145.00, 1.18, 1.25, 0),
	(115, 'Speklappen', 0.00, 'Grote bak 600g', 42.30, 480.00, 4.35, 24.75, 0),
	(116, 'Gember', 0.00, 'Een klein beetje', 0.00, 0.00, 0.35, 0.00, 0),
	(117, 'Bloemkool - Bloemkoolrijst', 2.90, 'Bloemkoolrijst gekoeld', 0.20, 25.00, 1.74, 1.90, 0),
	(118, 'Riblappen', 0.00, 'Grote bak 600g', 11.87, 207.50, 4.90, 25.12, 0),
	(119, 'Ei - 6 Eieren', 0.30, 'Bakje van 6 eieren', 9.30, 135.00, 1.79, 12.60, 0),
	(120, 'Roerbak - Italiaans 250g', 2.50, 'Klein zakje van 250g', 0.10, 15.00, 1.55, 0.60, 0),
	(121, 'Gehakt - Rundergehakt 175g', 0.05, 'Bakje van 175g', 4.05, 55.25, 1.49, 4.63, 0),
	(122, 'Schouderkarbonade voordeel', 0.00, 'Halve bak van de voordeelsverpakking', 12.20, 186.00, 2.48, 19.10, 0),
	(123, 'Pindakaas - 150g', 3.83, '150g Jumbo pindakaas naturel', 20.70, 241.13, 0.00, 8.48, 0),
	(124, 'Kokos Geraspt', 0.78, 'Zakje van 100g', 9.38, 98.25, 0.59, 1.00, 0),
	(125, 'Wraps - Koolhydraat arm', 4.40, 'Atkins Koolhydraat arme wraps', 5.20, 123.00, 3.66, 8.80, 0),
	(126, 'Sla - Krop', 0.25, 'Krop sla normaal', 0.05, 2.75, 0.65, 0.33, 0),
	(127, 'Atkins - Cripsbread hele doos', 8.75, 'Hele doos', 3.75, 102.50, 2.66, 6.50, 0),
	(128, 'Atkins Cripsbread - 2 Crackers', 3.60, '2 Crackers', 1.60, 42.00, 1.33, 2.60, 0),
	(129, 'Atkins Penne - Halve Doos', 5.75, 'Halve doos penne (125g)', 0.53, 82.25, 1.87, 12.50, 0),
	(130, 'Philadelphia 2 pakken', 4.00, '2 Pakken normaal', 21.50, 235.00, 4.12, 5.50, 0),
	(131, 'Ei - 2 eiren totaal', 0.10, 'Twee eieren, gestolen van iets anders', 3.10, 45.00, 0.00, 4.20, 0),
	(132, 'Diepvries Blauwe Bessen - 25g', 0.00, '25g. Grote Zak', 0.00, 0.00, 0.10, 0.00, 0),
	(133, 'Pure Chocolade 25g', 0.00, '25g van een 100g reep', 0.00, 0.00, 0.40, 0.00, 0),
	(134, 'Artisjokkenharten', 2.55, 'Blik jumbo huismerk', 0.10, 16.00, 2.08, 0.70, 0),
	(135, 'Tomaat los 200g', 1.45, 'Losse tomaten', 0.10, 9.50, 0.40, 0.50, 0),
	(136, 'Broccoli - Rauw', 1.00, '200g Rauw', 0.10, 14.50, 0.40, 1.65, 0),
	(138, 'Maza - Hoemoes Ras el Hanout', 3.50, 'Met Res el Hanout Kruiden', 15.05, 167.00, 1.95, 3.30, 0),
	(139, 'Saucijzen - 2', 0.16, 'Twee worst', 2.90, 111.60, 0.90, 2.14, 0),
	(140, 'Shoarma - Varkens Gyros 750g', 1.23, '750g', 11.90, 253.75, 5.50, 34.83, 0),
	(141, 'Boullion - Kip', 1.00, '', 0.25, 7.00, 0.00, 0.15, 0),
	(142, 'Olijven Knoflook', 0.00, 'Knoflook olijven 220g', 4.55, 43.79, 0.88, 0.28, 0),
	(144, 'Tomatenpuree - 70g', 2.54, 'Tomaten Puree', 0.18, 15.93, 0.31, 0.84, 0),
	(145, 'Shoarma - 900g', 2.48, 'Bij de plus in de aanbieding', 18.00, 256.50, 4.99, 37.80, 0),
	(146, 'Ketjap Manis', 5.96, '3 eetlepels manis', 0.00, 25.54, 0.00, 0.39, 0),
	(147, 'Shoarma Flakes - 800g', 3.60, 'Flakes van 800g', 26.00, 402.00, 6.50, 38.00, 0),
	(148, 'Roerbak - Italiaans 600g', 7.50, '600g zak', 0.30, 45.00, 2.48, 1.80, 0),
	(149, 'Broccoli - 600g Diepvries rijst', 3.00, 'Diepvries Rijst', 0.00, 39.00, 1.69, 4.50, 0),
	(150, 'Bifi worstje', 0.25, 'Bifi worstjes (5 pack - 1 worst)', 11.25, 127.75, 2.27, 6.25, 0),
	(151, 'Kaas - Jong Belegen Blok', 0.00, 'Stuk Jong Belegen kaas 440g (350 gewogen)', 32.00, 384.00, 3.02, 24.00, 0),
	(152, 'Spek - Katenspek', 1.13, 'Katenspek Gerookt', 9.38, 113.63, 1.99, 6.19, 0),
	(153, 'Aardappelen - 600g Blokjes', 34.05, '', 5.70, 208.50, 0.89, 3.90, 0),
	(154, 'Sperziebonen - Diepvries/gebroken', 4.73, '', 0.23, 34.88, 0.71, 2.14, 0),
	(155, 'Kikkererwten - 410g / 240g uitgelekt', 7.80, '', 1.80, 71.40, 1.00, 4.50, 0),
	(156, 'Kokosmelk - blikje 400ml', 1.50, '', 6.60, 67.00, 0.75, 0.40, 0),
	(157, 'Kipstukcjes - 175g van de plus', 1.44, '', 0.04, 44.63, 2.39, 8.40, 0),
	(158, 'Aviko - Zwitsers 4x', 65.25, '4 zaken Akivo ', 22.50, 585.00, 7.96, 27.00, 0),
	(159, 'Ramen - 4x Paars', 83.00, 'Verpakking komen in 5', 15.00, 520.00, 4.20, 13.00, 0),
	(160, 'Ramen - 4x Super Spicy', 85.00, 'Verpakking komen in 5', 16.00, 530.00, 4.20, 12.00, 0),
	(161, 'Wok Noodles', 30.15, 'Bakje met jumbo instant noodles - Iets minder want er valt af', 11.20, 245.00, 0.94, 4.60, 0),
	(162, 'Garam Masala', 1.45, '100g Garam Masal Curry Paste (ongeveer 1 eetlepel per dish)', 5.60, 64.50, 0.92, 0.73, 0),
	(163, 'Black Bean Garlic Sauce', 3.75, '100g (Ongeveer 1 eetlepel per set)', 1.30, 37.25, 0.72, 2.13, 0),
	(164, 'Unox Blik Erwtensoep', 56.00, '1 blik per dag', 30.40, 664.00, 6.67, 37.60, 0),
	(165, 'Appel - 4 ', 17.60, '', 0.30, 81.00, 1.58, 0.40, 0),
	(166, 'Bananen - 4 ', 34.00, '', 0.50, 157.00, 1.06, 1.80, 0),
	(167, '4 boterhammen - Waldkorn', 46.80, '', 6.40, 348.00, 1.38, 20.00, 0),
	(168, 'Plak kaas', 0.00, 'Wapenaer, jonge kaas gebaseerd dat je twee pakken koop en er 6 plakken in een pak zitten', 11.70, 140.76, 1.05, 9.10, 0),
	(169, 'Pindakaas - Chunky', 3.64, '20g voor op brood uit een pot van 600g', 10.08, 124.80, 0.26, 4.28, 0);
/*!40000 ALTER TABLE `eten` ENABLE KEYS */;

-- Dumping structure for table keto.gerecht
DROP TABLE IF EXISTS `gerecht`;
CREATE TABLE IF NOT EXISTS `gerecht` (
  `id` int(11) NOT NULL AUTO_INCREMENT,
  `datum` date DEFAULT NULL,
  `naam` varchar(255) NOT NULL,
  `type` enum('DINNER','ONTBIJT','SNACK','OTHER') NOT NULL,
  PRIMARY KEY (`id`)
) ENGINE=InnoDB AUTO_INCREMENT=63 DEFAULT CHARSET=latin1;

-- Dumping data for table keto.gerecht: ~23 rows (approximately)
/*!40000 ALTER TABLE `gerecht` DISABLE KEYS */;
INSERT INTO `gerecht` (`id`, `datum`, `naam`, `type`) VALUES
	(1, '2019-10-22', 'Chicken Casserole', 'DINNER'),
	(8, '2019-11-15', 'Fritata', 'ONTBIJT'),
	(9, '2019-11-15', 'Lasagna', 'DINNER'),
	(10, '2019-11-11', 'Engels Ontbijt', 'ONTBIJT'),
	(11, '2019-11-03', 'Pannenkoeken', 'ONTBIJT'),
	(12, '2019-11-03', 'Pesto Worst', 'DINNER'),
	(13, '2019-11-07', 'Mexican Bowl', 'DINNER'),
	(14, '2019-11-07', 'Shakshuka', 'ONTBIJT'),
	(15, '2019-10-10', 'Glazed Porkbelly', 'DINNER'),
	(16, '2019-10-18', 'Nasi', 'DINNER'),
	(17, '2019-11-19', 'Charcuterie', 'ONTBIJT'),
	(18, '2019-10-22', 'Hamburger', 'DINNER'),
	(19, '2019-10-30', 'Pangius Salade', 'ONTBIJT'),
	(21, '2019-11-11', 'Shoarma', 'DINNER'),
	(22, '2019-11-19', 'Pizza', 'DINNER'),
	(23, '2019-10-26', 'Cloud BLT', 'ONTBIJT'),
	(25, '2019-11-19', 'Noten', 'SNACK'),
	(27, '2019-10-30', 'Kokos Koekjes', 'SNACK'),
	(30, NULL, 'Cheese Cake Cups', 'SNACK'),
	(32, '2019-10-30', 'Butter Chicken', 'DINNER'),
	(34, '2019-10-02', 'Hummus', 'ONTBIJT'),
	(45, NULL, 'Sushi', 'DINNER'),
	(55, NULL, 'Cauliflower Hashbrowns', 'ONTBIJT');
/*!40000 ALTER TABLE `gerecht` ENABLE KEYS */;

-- Dumping structure for table keto.gerecht_eten
DROP TABLE IF EXISTS `gerecht_eten`;
CREATE TABLE IF NOT EXISTS `gerecht_eten` (
  `eten_id` int(11) NOT NULL,
  `gerecht_id` int(11) NOT NULL,
  PRIMARY KEY (`gerecht_id`,`eten_id`),
  KEY `FK__eten` (`eten_id`),
  CONSTRAINT `FK__eten` FOREIGN KEY (`eten_id`) REFERENCES `eten` (`id`) ON DELETE NO ACTION,
  CONSTRAINT `FK__gerecht` FOREIGN KEY (`gerecht_id`) REFERENCES `gerecht` (`id`) ON DELETE NO ACTION
) ENGINE=InnoDB DEFAULT CHARSET=latin1;

-- Dumping data for table keto.gerecht_eten: ~114 rows (approximately)
/*!40000 ALTER TABLE `gerecht_eten` DISABLE KEYS */;
INSERT INTO `gerecht_eten` (`eten_id`, `gerecht_id`) VALUES
	(13, 1),
	(44, 1),
	(58, 1),
	(141, 1),
	(151, 1),
	(23, 8),
	(96, 8),
	(148, 8),
	(19, 9),
	(39, 9),
	(67, 9),
	(113, 9),
	(114, 9),
	(144, 9),
	(7, 10),
	(23, 10),
	(37, 10),
	(72, 10),
	(149, 10),
	(7, 11),
	(23, 11),
	(39, 11),
	(59, 11),
	(95, 11),
	(107, 11),
	(13, 12),
	(16, 12),
	(36, 12),
	(57, 12),
	(72, 12),
	(21, 13),
	(39, 13),
	(68, 13),
	(113, 13),
	(114, 13),
	(126, 13),
	(18, 14),
	(23, 14),
	(36, 14),
	(103, 14),
	(47, 15),
	(65, 15),
	(92, 15),
	(102, 15),
	(115, 15),
	(116, 15),
	(4, 16),
	(14, 16),
	(22, 16),
	(44, 16),
	(82, 16),
	(102, 16),
	(123, 16),
	(33, 17),
	(55, 17),
	(110, 17),
	(22, 18),
	(28, 18),
	(75, 18),
	(95, 18),
	(126, 18),
	(23, 19),
	(45, 19),
	(75, 19),
	(106, 19),
	(45, 21),
	(73, 21),
	(126, 21),
	(135, 21),
	(147, 21),
	(36, 22),
	(39, 22),
	(77, 22),
	(90, 22),
	(120, 22),
	(125, 22),
	(139, 22),
	(23, 23),
	(59, 23),
	(75, 23),
	(126, 23),
	(135, 23),
	(152, 23),
	(54, 25),
	(7, 27),
	(123, 27),
	(124, 27),
	(130, 30),
	(131, 30),
	(132, 30),
	(133, 30),
	(4, 32),
	(7, 32),
	(44, 32),
	(91, 32),
	(103, 32),
	(45, 34),
	(138, 34),
	(2, 45),
	(4, 45),
	(44, 45),
	(45, 45),
	(59, 45),
	(75, 45),
	(126, 45),
	(7, 55),
	(23, 55),
	(37, 55),
	(72, 55),
	(149, 55);
/*!40000 ALTER TABLE `gerecht_eten` ENABLE KEYS */;

-- Dumping structure for table keto.mealset
DROP TABLE IF EXISTS `mealset`;
CREATE TABLE IF NOT EXISTS `mealset` (
  `id` int(11) NOT NULL AUTO_INCREMENT,
  `ontbijtID` int(11) NOT NULL,
  `snackID` int(11) NOT NULL,
  `date` date NOT NULL,
  `dinnerID` int(11) NOT NULL DEFAULT 0,
  PRIMARY KEY (`id`),
  KEY `FK_currentDish_gerecht` (`ontbijtID`),
  KEY `FK_currentDish_gerecht_2` (`snackID`),
  KEY `FK_currentDish_gerecht_3` (`dinnerID`),
  CONSTRAINT `FK_currentDish_gerecht` FOREIGN KEY (`ontbijtID`) REFERENCES `gerecht` (`id`),
  CONSTRAINT `FK_currentDish_gerecht_2` FOREIGN KEY (`snackID`) REFERENCES `gerecht` (`id`),
  CONSTRAINT `FK_currentDish_gerecht_3` FOREIGN KEY (`dinnerID`) REFERENCES `gerecht` (`id`)
) ENGINE=InnoDB AUTO_INCREMENT=17 DEFAULT CHARSET=latin1;

-- Dumping data for table keto.mealset: ~15 rows (approximately)
/*!40000 ALTER TABLE `mealset` DISABLE KEYS */;
INSERT INTO `mealset` (`id`, `ontbijtID`, `snackID`, `date`, `dinnerID`) VALUES
	(1, 19, 25, '2019-01-01', 1),
	(2, 23, 27, '2019-09-28', 32),
	(4, 34, 27, '2019-10-02', 13),
	(5, 14, 25, '2019-10-06', 21),
	(6, 10, 25, '2019-10-10', 15),
	(7, 8, 25, '2019-10-14', 9),
	(8, 17, 25, '2019-10-18', 16),
	(9, 1, 25, '2019-10-22', 18),
	(10, 23, 25, '2019-10-26', 22),
	(11, 19, 27, '2019-10-30', 32),
	(12, 11, 25, '2019-11-03', 12),
	(13, 14, 25, '2019-11-07', 13),
	(14, 10, 25, '2019-11-11', 21),
	(15, 8, 25, '2019-11-15', 9),
	(16, 17, 25, '2019-11-19', 22);
/*!40000 ALTER TABLE `mealset` ENABLE KEYS */;

-- Dumping structure for table keto.weight
DROP TABLE IF EXISTS `weight`;
CREATE TABLE IF NOT EXISTS `weight` (
  `id` int(11) NOT NULL AUTO_INCREMENT,
  `datum` date NOT NULL,
  `weight` decimal(10,1) NOT NULL,
  `delta` decimal(10,1) DEFAULT NULL,
  PRIMARY KEY (`id`)
) ENGINE=InnoDB AUTO_INCREMENT=49 DEFAULT CHARSET=latin1;

-- Dumping data for table keto.weight: ~31 rows (approximately)
/*!40000 ALTER TABLE `weight` DISABLE KEYS */;
INSERT INTO `weight` (`id`, `datum`, `weight`, `delta`) VALUES
	(1, '2019-07-06', 94.6, 0.0),
	(2, '2019-07-10', 94.1, 0.0),
	(3, '2019-07-14', 93.5, 0.0),
	(4, '2019-07-18', 92.4, 0.0),
	(5, '2019-07-22', 91.8, 0.0),
	(6, '2019-07-26', 91.1, 0.0),
	(7, '2019-07-30', 89.9, 0.0),
	(8, '2019-08-03', 89.5, 0.0),
	(9, '2019-08-07', 88.8, 0.0),
	(10, '2019-08-11', 88.8, 0.0),
	(11, '2019-08-15', 88.8, 0.0),
	(12, '2019-08-19', 88.8, 0.0),
	(13, '2019-08-23', 87.6, 0.0),
	(14, '2019-08-27', 87.1, 0.0),
	(15, '2019-08-31', 85.7, 0.0),
	(16, '2019-09-04', 85.6, 0.0),
	(17, '2019-09-08', 85.1, 0.0),
	(18, '2019-09-12', 84.7, 0.0),
	(19, '2019-09-16', 84.3, 0.0),
	(20, '2019-09-20', 83.4, 0.0),
	(21, '2019-09-24', 82.1, 0.0),
	(26, '2019-09-28', 81.6, 0.0),
	(29, '2019-10-02', 81.2, 0.0),
	(31, '2019-10-10', 80.4, 0.0),
	(32, '2019-10-06', 80.8, 0.0),
	(35, '2019-10-14', 79.9, 0.0),
	(38, '2019-10-18', 79.9, 0.0),
	(39, '2019-10-26', 77.1, 0.0),
	(40, '2019-10-22', 78.5, 0.0),
	(41, '2019-10-30', 76.8, 0.0),
	(43, '2019-11-07', 75.8, 0.0),
	(44, '2019-11-03', 76.3, 0.0),
	(45, '2019-11-11', 74.7, 0.0),
	(46, '2019-11-15', 74.4, 0.0),
	(47, '2019-11-19', 74.2, 0.0),
	(48, '2019-11-23', 74.0, 0.0);
/*!40000 ALTER TABLE `weight` ENABLE KEYS */;

/*!40101 SET SQL_MODE=IFNULL(@OLD_SQL_MODE, '') */;
/*!40014 SET FOREIGN_KEY_CHECKS=IF(@OLD_FOREIGN_KEY_CHECKS IS NULL, 1, @OLD_FOREIGN_KEY_CHECKS) */;
/*!40101 SET CHARACTER_SET_CLIENT=@OLD_CHARACTER_SET_CLIENT */;
